{
    "commands": {
        "settings": {
            "set": {
                "suggestionChannel": {
                    "no_textchannel": "The channel must be a text channel (and not a news channel)",
                    "success": "The suggestion channel has been changed to {channel}."
                },
                "language": {
                    "select_language": "Select the language you want to use for the discord bot.",
                    "select_language_option": "Select {language} as the language",
                    "success": "Successfully change the language to `{language}`."
                },
                "apikey": {
                    "invalid_key": "The api url or api key is invalid.",
                    "success": "The api key has been set."
                },
                "authkey": {
                    "success": "The authorization token has been changed to `{token}`. You can find a new webhook url by using the `/webhookurl` command."
                }
            }
        },
        "suggest": {
            "modal-title": "Suggest something!",
            "modal-question-1": "Suggestion title",
            "modal-question-2": "Suggestion content",
            "success": "Your suggestion has been registered! View it here: {link}"
        },
        "webhookurl": {
            "generate_key_first": "You need to generate an authorization token first using `/settings set authkey`.",
            "success": "The url is: `{url}`.\nPlease use this url as the discord webhook url for the suggestions module."
        }
    },
    "permission_required": "You do not have the required \"{permission}\" permission"
}
