{
    "commands": {
        "settings": {
            "set": {
                "apikey": {
                    "success": "Se ha establecido la clave de la API.",
                    "invalid_key": "La URL o la clave de la API no son válidas."
                },
                "authkey": {
                    "success": "El token de autorización ha sido cambiado a `{token}`. Puedes encontrar una nueva URL de webhook usando el comando `/webhookurl`."
                },
                "suggestionChannel": {
                    "success": "El canal de sugerencias ha sido cambiado a {channel}.",
                    "no_textchannel": "El canal debe ser de texto (y no de noticias)"
                },
                "language": {
                    "select_language_option": "Seleccione {language} como idioma",
                    "success": "Se ha cambiado con éxito el idioma a `{language}`.",
                    "select_language": "Selecciona el idioma que quieres utilizar para el bot de Discord."
                }
            }
        },
        "suggest": {
            "modal-title": "¡Sugiere algo!",
            "modal-question-2": "Contenido de la sugerencia",
            "success": "Su sugerencia ha sido registrada. Véala aquí: {link}",
            "modal-question-1": "Título de la sugerencia",
            "cannot_find_user": "Necesitas tener tu cuenta de discord vinculada al sitio web para publicar sugerencias a través de discord.",
            "validation-error": "Algo ha ido mal durante la validación de su sugerencia. El sitio web devolvió lo siguiente: {error}"
        },
        "webhookurl": {
            "generate_key_first": "Es necesario generar primero un token de autorización utilizando `/settings set authkey`.",
            "success": "La URL es: `{url}`.\nUtilice esta URL como la URL del webhook de Discord para el módulo de Sugerencias."
        }
    },
    "suggestionHandler": {
        "suggestion_opened_website": "Sugerencia abierta en el sitio web",
        "suggestion": "Sugerencia",
        "suggestion_closed_website": "Sugerencia cerrada en el sitio web",
        "suggested_by": "Sugerido por {user}",
        "cannot_find_user": "¡Debes tener tu cuenta del sitio web vinculada para poder responder a través de Discord!",
        "reaction_registered": "Su reacción `{reaction}` ha sido añadida en el sitio web."
    },
    "permission_required": "No tienes el permiso \"{permission}\""
}
