{
    "commands": {
        "settings": {
            "set": {
                "apikey": {
                    "invalid_key": "De API adres of API sleutel is ongeldig.",
                    "success": "De API sleutel is ingesteld."
                },
                "suggestionChannel": {
                    "no_textchannel": "Het kanaal moet een tekst kanaal zijn (en geen nieuws kanaal)",
                    "success": "Het suggestie kanaal is verandert naar {channel}."
                },
                "language": {
                    "select_language": "Selecteer de taal die je wilt gebruiken voor de Discord bot.",
                    "select_language_option": "Selecteer {language} als de taal",
                    "success": "Successvol de taal gewijzigd naar `{language}`."
                },
                "authkey": {
                    "success": "De autorisatiesleutel is verandert naar `{token}`. Je kan een nieuwe webhook adres vinden door het `/webhookurl` commando te gebruiken."
                }
            }
        },
        "webhookurl": {
            "generate_key_first": "Je moet eerst een autorisatie sleutel genereren door `/settings set authkey` te gebruiken.",
            "success": "De URL is: `{url}`.\nGebruik deze URL alstublieft als de Discord webhook URL voor de Suggestie module."
        },
        "suggest": {
            "modal-title": "Stel iets voor!",
            "modal-question-1": "Suggestie titel",
            "modal-question-2": "Suggestie inhoud",
            "success": "Uw suggestie is geregistreerd! Bekijk hem hier: {link}",
            "cannot_find_user": "Je moet je Discord account gelinkt hebben aan de website om suggesties te kunnen plaatsen via discord."
        }
    },
    "permission_required": "Je hebt niet de vereiste \"{permission}\" permissie",
    "suggestionHandler": {
        "suggestion": "Suggestie",
        "suggestion_closed_website": "Suggestie gesloten op de website",
        "suggestion_opened_website": "Suggestie geopend op de website",
        "cannot_find_user": "Je moet je website account gelinkt hebben om te kunnen reageren via Discord!",
        "reaction_registered": "Uw `{reaction}` reactie is toegevoegd op de website.",
        "suggested_by": "gesuggereerd door {user}"
    }
}
