{
    "commands": {
        "settings": {
            "set": {
                "suggestionChannel": {
                    "no_textchannel": "Канал должен быть текстовым каналом (и не новостным каналом)",
                    "success": "Канал предложений был изменён на {channel}."
                },
                "language": {
                    "select_language_option": "Выбрать {language} как язык",
                    "select_language": "Выберите язык на котором вы хотите для Discord бота.",
                    "success": "Язык был успешно изменён на `{language}`."
                },
                "apikey": {
                    "invalid_key": "API URL-ссылка или API ключ не действительный.",
                    "success": "API ключ был поставлен."
                },
                "authkey": {
                    "success": "Токен авторизации был изменён на `{token}`. Вы можете найти новую вебхук URL-ссылку через `/webhookurl` команду."
                }
            }
        },
        "suggest": {
            "modal-title": "Посоветуйте что-нибудь!",
            "modal-question-1": "Название предложения",
            "modal-question-2": "Текст предложения",
            "success": "Ваше предложение было зарегистрировано! Посмотрите его здесь: {link}",
            "cannot_find_user": "Вы должны привязать свой аккаунт на сайте что бы делать предложения через Discord.",
            "validation-error": "Что то пошло не так с проверкой вашего предложение. Сайт вернул ошибку: {error}"
        },
        "webhookurl": {
            "generate_key_first": "Вы должны сгенерировать токен авторизации через `/settings set authkey`.",
            "success": "URL-ссылка: `{url}`.\nИспользуйте эту URL-ссылку как Discord вебхук ссылку для модуля Предложений."
        }
    },
    "permission_required": "У вас нету требовательных \"{permission}\" прав",
    "suggestionHandler": {
        "suggestion": "Предложение",
        "suggestion_closed_website": "Предложение закрыто на сайте",
        "suggestion_opened_website": "Предложение открыто на сайте",
        "reaction_registered": "Ваша `{reaction}` была добавлена на сайт.",
        "suggested_by": "Предложено {user}",
        "cannot_find_user": "Вы должны привязать свой аккаунт на сайте что бы отвечать через Discord!"
    }
}
